INSERT INTO sys_dictionary (id, parent_id, dictionary_name, remark, sort, enable_status, create_by, create_time, update_by, update_time, is_deleted, revision) VALUES (1150473524625817600, 0, '院系', ' 院系名称：大学里的院系，院一般指的都是学院，比如管理学院、法学院这种，系指的就是院里面的专业，比如中文系、哲...', 0, 1, 1699771308310499328, '2023-09-10 16:51:03', 1699771308310499328, '2023-09-10 17:05:17', 0, null);
INSERT INTO sys_dictionary (id, parent_id, dictionary_name, remark, sort, enable_status, create_by, create_time, update_by, update_time, is_deleted, revision) VALUES (1150473797792448512, 1150473524625817600, '计算机学院', 'c#，c，c++', 1, 1, 1699771308310499328, '2023-09-10 16:52:08', 1699771308310499328, '2023-09-10 16:52:08', 0, null);
INSERT INTO sys_dictionary (id, parent_id, dictionary_name, remark, sort, enable_status, create_by, create_time, update_by, update_time, is_deleted, revision) VALUES (1150473906559139840, 0, '参数', null, 0, 1, 1699771308310499328, '2023-09-10 16:52:34', 1699771308310499328, '2023-09-10 16:56:17', 1, null);
INSERT INTO sys_dictionary (id, parent_id, dictionary_name, remark, sort, enable_status, create_by, create_time, update_by, update_time, is_deleted, revision) VALUES (1150475027587547136, 0, '学科分类', null, 0, 0, 1699771308310499328, '2023-09-10 16:57:01', 1699771308310499328, '2023-09-10 16:57:01', 0, null);
INSERT INTO sys_dictionary (id, parent_id, dictionary_name, remark, sort, enable_status, create_by, create_time, update_by, update_time, is_deleted, revision) VALUES (1255197836711460864, 0, '二进制', null, 0, 1, 1699771308310499328, '2024-06-25 16:28:05', 1699771308310499328, '2024-06-25 16:28:05', 0, null);

INSERT INTO sys_menu (id, menu_name, permission_code, router_path, parent_id, menu_type, is_menu, menu_status, component_path, is_external_link, icon_path, sort, create_by, create_time, update_by, update_time, is_deleted, revision) VALUES (1699771910151151618, '菜单管理', 'system:admin:menu', '/admin/sys-menu-manager', 0, 1, 1, 0, '3', 0, 'Menu', 65, 1699771308310499328, '2022-03-08 05:57:24', 1699771308310499328, '2023-09-10 23:08:58', 0, null);
INSERT INTO sys_menu (id, menu_name, permission_code, router_path, parent_id, menu_type, is_menu, menu_status, component_path, is_external_link, icon_path, sort, create_by, create_time, update_by, update_time, is_deleted, revision) VALUES (1150129636463624192, '个人中心', ':admin:user-center', '/admin/sys-user-center', 0, 1, 1, 0, '', 0, 'Apple', 98, 1699771308310499328, '2023-09-09 18:04:34', 1699771308310499328, '2023-09-10 23:05:45', 0, null);
INSERT INTO sys_menu (id, menu_name, permission_code, router_path, parent_id, menu_type, is_menu, menu_status, component_path, is_external_link, icon_path, sort, create_by, create_time, update_by, update_time, is_deleted, revision) VALUES (1150130227206176768, '角色管理', ':admin:role-manager', '/admin/sys-role-manager', 0, 1, 1, 0, '', 0, 'UserFilled', 60, 1699771308310499328, '2023-09-09 18:06:55', 1699771308310499328, '2023-09-10 23:06:34', 0, null);
INSERT INTO sys_menu (id, menu_name, permission_code, router_path, parent_id, menu_type, is_menu, menu_status, component_path, is_external_link, icon_path, sort, create_by, create_time, update_by, update_time, is_deleted, revision) VALUES (1150191026649972736, '用户管理', ':admin:user-manager', '/admin/sys-user-manager', 0, 1, 1, 0, '', 0, 'User', 70, 1699771308310499328, '2023-09-09 22:08:30', 1699771308310499328, '2023-09-10 23:06:39', 0, null);
INSERT INTO sys_menu (id, menu_name, permission_code, router_path, parent_id, menu_type, is_menu, menu_status, component_path, is_external_link, icon_path, sort, create_by, create_time, update_by, update_time, is_deleted, revision) VALUES (1150266364558065664, '权限管理', ':admin:permission-manager', '/admin/sys-permission-manager', 0, 1, 1, 0, '', 0, 'Operation', 63, 1699771308310499328, '2023-09-10 03:07:52', 1699771308310499328, '2023-09-10 23:11:33', 0, null);
INSERT INTO sys_menu (id, menu_name, permission_code, router_path, parent_id, menu_type, is_menu, menu_status, component_path, is_external_link, icon_path, sort, create_by, create_time, update_by, update_time, is_deleted, revision) VALUES (1150464392514519040, '字典管理', ':admin:dictionary-manager', '/admin/sys-dictionary-manager', 0, 1, 1, 0, '', 0, 'Notebook', 50, 1699771308310499328, '2023-09-10 16:14:46', 1699771308310499328, '2023-09-10 23:12:06', 0, null);
INSERT INTO sys_menu (id, menu_name, permission_code, router_path, parent_id, menu_type, is_menu, menu_status, component_path, is_external_link, icon_path, sort, create_by, create_time, update_by, update_time, is_deleted, revision) VALUES (1150484898768764928, '系统日志', ':admin:log-manager', '/admin/sys-log-manager', 0, 1, 1, 0, '', 0, 'Monitor', 10, 1699771308310499328, '2023-09-10 17:36:15', 1699771308310499328, '2023-09-10 23:07:32', 0, null);
INSERT INTO sys_menu (id, menu_name, permission_code, router_path, parent_id, menu_type, is_menu, menu_status, component_path, is_external_link, icon_path, sort, create_by, create_time, update_by, update_time, is_deleted, revision) VALUES (1150500181449392128, '文件管理', ':admin:sys-file-manager', '/admin/sys-file-manager', 0, 1, 1, 0, '', 0, 'FolderOpened', 20, 1699771308310499328, '2023-09-10 18:36:59', 1699771308310499328, '2023-09-10 23:11:52', 0, null);
INSERT INTO sys_menu (id, menu_name, permission_code, router_path, parent_id, menu_type, is_menu, menu_status, component_path, is_external_link, icon_path, sort, create_by, create_time, update_by, update_time, is_deleted, revision) VALUES (1150551297079918592, '文件回收站', ':admin:sys-recycle-manage', '/admin/sys-recycle-manager', 0, 1, 1, 0, '', 0, 'FolderDelete', 15, 1699771308310499328, '2023-09-10 22:00:05', 1699771308310499328, '2023-09-10 23:11:12', 0, null);
INSERT INTO sys_menu (id, menu_name, permission_code, router_path, parent_id, menu_type, is_menu, menu_status, component_path, is_external_link, icon_path, sort, create_by, create_time, update_by, update_time, is_deleted, revision) VALUES (1150555102374805504, '版本管理', ':admin:sys-version-manager', '/admin/sys-version-manager', 0, 1, 1, 0, '', 0, 'MostlyCloudy', 9, 1699771308310499328, '2023-09-10 22:15:13', 1699771308310499328, '2023-09-10 23:12:17', 0, null);
INSERT INTO sys_menu (id, menu_name, permission_code, router_path, parent_id, menu_type, is_menu, menu_status, component_path, is_external_link, icon_path, sort, create_by, create_time, update_by, update_time, is_deleted, revision) VALUES (1150560507641479168, '服务监控', ':admin:dashboard', '/admin/dashboard', 0, 1, 1, 0, '', 0, 'Monitor', 99, 1699771308310499328, '2023-09-10 22:36:41', 1699771308310499328, '2023-09-10 22:51:35', 0, null);
INSERT INTO sys_menu (id, menu_name, permission_code, router_path, parent_id, menu_type, is_menu, menu_status, component_path, is_external_link, icon_path, sort, create_by, create_time, update_by, update_time, is_deleted, revision) VALUES (1150563411119063040, '系统首页', ':admin:home', '/admin/home', 0, 1, 1, 0, '', 0, 'HomeFilled', 100, 1699771308310499328, '2023-09-10 22:48:14', 1699771308310499328, '2023-09-10 23:05:56', 0, null);
INSERT INTO sys_menu (id, menu_name, permission_code, router_path, parent_id, menu_type, is_menu, menu_status, component_path, is_external_link, icon_path, sort, create_by, create_time, update_by, update_time, is_deleted, revision) VALUES (1255529801813753856, 'ceshi', 'ceshi', null, 0, 0, 0, 0, null, 0, null, 4, 1699771308310499328, '2024-06-26 14:27:11', 1699771308310499328, '2024-06-26 14:27:14', 1, null);
INSERT INTO sys_menu (id, menu_name, permission_code, router_path, parent_id, menu_type, is_menu, menu_status, component_path, is_external_link, icon_path, sort, create_by, create_time, update_by, update_time, is_deleted, revision) VALUES (1255211293510893568, 'VIP', 'ps:vip', null, 0, 1, 0, 0, null, 0, null, 1, 1699771308310499328, '2024-06-25 17:21:33', 1699771308310499328, '2024-06-25 17:21:33', 0, null);
INSERT INTO sys_menu (id, menu_name, permission_code, router_path, parent_id, menu_type, is_menu, menu_status, component_path, is_external_link, icon_path, sort, create_by, create_time, update_by, update_time, is_deleted, revision) VALUES (1255529682687131648, '测试', ':tester', '/tester', 0, 1, 1, 0, '', 0, 'Aim', 1, 1699771308310499328, '2024-06-26 14:26:43', 1699771308310499328, '2024-06-26 14:26:55', 1, null);
INSERT INTO sys_menu (id, menu_name, permission_code, router_path, parent_id, menu_type, is_menu, menu_status, component_path, is_external_link, icon_path, sort, create_by, create_time, update_by, update_time, is_deleted, revision) VALUES (1255199758382170112, 'SVIP', 'ps:svip', '', 0, 1, 0, 0, '', 0, '', 2, 1699771308310499328, '2024-06-25 16:35:43', 1699771308310499328, '2024-06-25 17:21:41', 0, null);

INSERT INTO sys_role (id, role_name, role_key, remark, sort, create_by, create_time, update_by, update_time, is_deleted, revision) VALUES (1699771910151151616, '超级管理员', 'role:super:admin', null, null, 1699771308310499328, '2023-09-07 21:10:17', null, null, 0, null);
INSERT INTO sys_role (id, role_name, role_key, remark, sort, create_by, create_time, update_by, update_time, is_deleted, revision) VALUES (1150175648716701696, '普通用户', 'simple:user', null, 1, 1699771308310499328, '2023-09-09 21:07:24', 1699771308310499328, '2023-09-09 21:07:24', 0, null);
INSERT INTO sys_role (id, role_name, role_key, remark, sort, create_by, create_time, update_by, update_time, is_deleted, revision) VALUES (1255197419386601472, '测试员', 'role:tester', null, 3, 1699771308310499328, '2024-06-25 16:26:25', 1699771308310499328, '2024-06-25 16:26:25', 0, null);

INSERT INTO sys_role_menu (id, role_id, menu_id) VALUES (1152680757929459720, 1699771910151151616, 1150555102374805504);
INSERT INTO sys_role_menu (id, role_id, menu_id) VALUES (1152680757929459719, 1699771910151151616, 1150484898768764928);
INSERT INTO sys_role_menu (id, role_id, menu_id) VALUES (1152680757929459718, 1699771910151151616, 1150500181449392128);
INSERT INTO sys_role_menu (id, role_id, menu_id) VALUES (1152708680044527620, 1150175648716701696, 1150551297079918592);
INSERT INTO sys_role_menu (id, role_id, menu_id) VALUES (1152680757929459717, 1699771910151151616, 1150464392514519040);
INSERT INTO sys_role_menu (id, role_id, menu_id) VALUES (1152680757929459716, 1699771910151151616, 1150130227206176768);
INSERT INTO sys_role_menu (id, role_id, menu_id) VALUES (1152680757929459715, 1699771910151151616, 1150266364558065664);
INSERT INTO sys_role_menu (id, role_id, menu_id) VALUES (1152680757929459714, 1699771910151151616, 1699771910151151618);
INSERT INTO sys_role_menu (id, role_id, menu_id) VALUES (1152680757929459713, 1699771910151151616, 1150191026649972736);
INSERT INTO sys_role_menu (id, role_id, menu_id) VALUES (1152708680044527619, 1150175648716701696, 1150500181449392128);
INSERT INTO sys_role_menu (id, role_id, menu_id) VALUES (1152708680044527618, 1150175648716701696, 1150129636463624192);
INSERT INTO sys_role_menu (id, role_id, menu_id) VALUES (1152708680044527617, 1150175648716701696, 1150563411119063040);
INSERT INTO sys_role_menu (id, role_id, menu_id) VALUES (1152680757929459712, 1699771910151151616, 1150560507641479168);
INSERT INTO sys_role_menu (id, role_id, menu_id) VALUES (1255223135469731840, 1255197419386601472, 1255211293510893568);
INSERT INTO sys_role_menu (id, role_id, menu_id) VALUES (1255223135465537536, 1255197419386601472, 1150560507641479168);

INSERT INTO sys_user (id, username, nickname, password, sex, email, mobile_phone, account_status, avatar, last_login_ip, last_login_time, create_by, create_time, update_by, update_time, is_deleted, revision) VALUES (1699771308310499328, 'admin', 'admin@cocotea', 'BD4D0EFF684A1787AF155BF6D1980D1FAB92B5581F9CBA0634890E33AE531328', 0, 'db_sra_v2-admin@qq.com', '1389999999', 1, '650c74c32088821487c0b4d8_微信图片_20230921232652.png', '127.0.0.1', '2024-07-15 15:22:00', 1699771308310499328, '2023-09-07 21:07:55', 1699771308310499328, '2024-07-15 15:22:00', 0, null);
INSERT INTO sys_user (id, username, nickname, password, sex, email, mobile_phone, account_status, avatar, last_login_ip, last_login_time, create_by, create_time, update_by, update_time, is_deleted, revision) VALUES (1262415845528076288, 'cocotea', 'cocotea', 'SraAdmin123456', 0, null, null, 1, null, null, null, 1699771308310499328, '2024-07-15 14:29:52', 1699771308310499328, '2024-07-15 14:29:52', 0, null);
INSERT INTO sys_user (id, username, nickname, password, sex, email, mobile_phone, account_status, avatar, last_login_ip, last_login_time, create_by, create_time, update_by, update_time, is_deleted, revision) VALUES (1262416640516456448, 'tester', 'tester', 'SraAdmin123456', 0, null, null, 1, null, null, null, 1699771308310499328, '2024-07-15 14:33:02', 1699771308310499328, '2024-07-15 14:33:02', 0, null);

INSERT INTO sys_user_role (id, user_id, role_id) VALUES (1699771910151151617, 1699771308310499328, 1699771910151151616);
INSERT INTO sys_user_role (id, user_id, role_id) VALUES (1150237677435502592, 1699771308310499328, 1150175648716701696);
INSERT INTO sys_user_role (id, user_id, role_id) VALUES (1262416640579371008, 1262416640516456448, 1150175648716701696);
INSERT INTO sys_user_role (id, user_id, role_id) VALUES (1255529577607233536, 1255193297551785984, 1150175648716701696);
INSERT INTO sys_user_role (id, user_id, role_id) VALUES (1255207984641245184, 1255193297551786000, 1150175648716701696);
INSERT INTO sys_user_role (id, user_id, role_id) VALUES (1255523337372073984, 1255523337351102464, 1150175648716701696);
INSERT INTO sys_user_role (id, user_id, role_id) VALUES (1262415845557436416, 1262415845528076288, 1150175648716701696);
